meditation_id,content_before,content_after
316,"As stated above, Christ wished to be baptized in order to consecrate the baptism wherewith we were to be baptized. And therefore it behooved those things to be shown forth which belong to the efficacy of our baptism: concerning which efficacy three points are to be considered. First, the principal power from which it is derived; and this, indeed, is a heavenly power. For which reason, when Christ was baptized, heaven was opened, to show that in future the heavenly power would sanctify baptism.

Secondly, the faith of the Church and of the person baptized conduces to the efficacy of baptism: wherefore those who are baptized make a profession of faith, and baptism is called the ""sacrament of faith."" Now by faith we gaze on heavenly things, which surpass the senses and human reason. And in order to signify this, the heavens were opened when Christ was baptized.

Thirdly, because the entrance to the heavenly kingdom was opened to us by the baptism of Christ in a special manner, which entrance had been closed to the first man through sin. Hence, when Christ was baptized, the heavens were opened, to show that the way to heaven is open to the baptized.","Christ wished to be baptized in order to consecrate the baptism wherewith we were to be baptized. And therefore it behooved those things to be shown forth which belong to the efficacy of our baptism: concerning which efficacy three points are to be considered. First, the principal power from which it is derived; and this, indeed, is a heavenly power. For which reason, when Christ was baptized, heaven was opened, to show that in future the heavenly power would sanctify baptism.

Secondly, the faith of the Church and of the person baptized conduces to the efficacy of baptism: wherefore those who are baptized make a profession of faith, and baptism is called the ""sacrament of faith."" Now by faith we gaze on heavenly things, which surpass the senses and human reason. And in order to signify this, the heavens were opened when Christ was baptized.

Thirdly, because the entrance to the heavenly kingdom was opened to us by the baptism of Christ in a special manner, which entrance had been closed to the first man through sin. Hence, when Christ was baptized, the heavens were opened, to show that the way to heaven is open to the baptized."
318,"Christ's manner of life had to be in keeping with the end of His Incarnation, by reason of which He came into the world. Now He came into the world, first, that He might publish the truth. Thus He says Himself: ""For this was I born, and for this came I into the world, that I should give testimony to the truth."" Hence it was fitting not that He should hide Himself by leading a solitary life, but that He should appear openly and preach in public. Wherefore He says to those who wished to stay Him: ""To other cities also I must preach the kingdom of God: for therefore am I sent.""

Secondly, He came in order to free men from sin; according to 1 Tim. 1:15: ""Christ Jesus came into this world to save sinners."" And hence, as Chrysostom says, ""although Christ might, while staying in the same place, have drawn all men to Himself, to hear His preaching, yet He did not do so; thus giving us the example to go about and seek those who perish, like the shepherd in his search of the lost sheep, and the physician in his attendance on the sick.""

Thirdly, He came that by Him ""we might have access to God,"" as it is written. And thus it was fitting that He should give men confidence in approaching Him by associating familiarly with them. Wherefore it is written: ""It came to pass as He was sitting.. in the house, behold, many publicans and sinners came, and sat down with Jesus and His disciples."" On which Jerome comments as follows: ""They had seen the publican who had been converted from a sinful to a better life: and consequently they did not despair of their own salvation.""","Christ's manner of life had to be in keeping with the end of His Incarnation, by reason of which He came into the world. Now He came into the world, first, that He might publish the truth. Thus He says Himself: ""For this was I born, and for this came I into the world, that I should give testimony to the truth."" Hence it was fitting not that He should hide Himself by leading a solitary life, but that He should appear openly and preach in public. Wherefore He says to those who wished to stay Him: ""To other cities also I must preach the kingdom of God: for therefore am I sent.""

Secondly, He came in order to free men from sin; according to 1 Timothy 1:15: ""Christ Jesus came into this world to save sinners."" And hence, as Chrysostom says, ""although Christ might, while staying in the same place, have drawn all men to Himself, to hear His preaching, yet He did not do so; thus giving us the example to go about and seek those who perish, like the shepherd in his search of the lost sheep, and the physician in his attendance on the sick.""

Thirdly, He came that by Him ""we might have access to God,"" as it is written. And thus it was fitting that He should give men confidence in approaching Him by associating familiarly with them. Wherefore it is written: ""It came to pass as He was sitting . . . in the house, behold, many publicans and sinners came, and sat down with Jesus and His disciples."" On which Jerome comments as follows: ""They had seen the publican who had been converted from a sinful to a better life: and consequently they did not despair of their own salvation."""
319,"Christ wished to be transfigured in order to show men His glory, and to arouse men to a desire of it, as stated above. Now men are brought to the glory of eternal beatitude by Christ—not only those who lived after Him, but also those who preceded Him; therefore, when He was approaching His Passion, both ""the multitude that followed"" and that ""which went before, cried saying: 'Hosanna,'"" as related Matt. 21:9, beseeching Him, as it were, to save them.

Consequently it was fitting that witnesses should be present from among those who preceded Him—namely, Moses and Elias—and from those who followed after Him—namely, Peter, James, and John—that ""in the mouth of two or three witnesses"" this word might stand.","Christ wished to be transfigured in order to show men His glory, and to arouse men to a desire of it, as stated above. Now men are brought to the glory of eternal beatitude by Christ—not only those who lived after Him, but also those who preceded Him; therefore, when He was approaching His Passion, both ""the multitude that followed"" and that ""which went before, cried saying: 'Hosanna,'"" as related Matthew 21:9, beseeching Him, as it were, to save them.

Consequently it was fitting that witnesses should be present from among those who preceded Him—namely, Moses and Elias—and from those who followed after Him—namely, Peter, James, and John—that ""in the mouth of two or three witnesses"" this word might stand."
320,"The presence of Christ's true body and blood in this sacrament cannot be detected by sense, nor understanding, but by faith alone, which rests upon Divine authority. Hence, on Luke 22:19: ""This is My body which shall be delivered up for you,"" Cyril says: ""Doubt not whether this be true; but take rather the Saviour's words with faith; for since He is the Truth, He lieth not.""

Now this is suitable, first for the perfection of the New Law. For, the sacrifices of the Old Law contained only in figure that true sacrifice of Christ's Passion, according to Heb. 10:1: ""For the law having a shadow of the good things to come, not the very image of the things."" And therefore it was necessary that the sacrifice of the New Law instituted by Christ should have something more, namely, that it should contain Christ Himself crucified, not merely in signification or figure, but also in very truth. And therefore this sacrament which contains Christ Himself, as Dionysius says, is perfective of all the other sacraments, in which Christ's virtue is participated.

Secondly, this belongs to Christ's love, out of which for our salvation He assumed a true body of our nature. And because it is the special feature of friendship to live together with friends, as the Philosopher says, He promises us His bodily presence as a reward, saying: ""Where the body is, there shall the eagles be gathered together."" Yet meanwhile in our pilgrimage He does not deprive us of His bodily presence; but unites us with Himself in this sacrament through the truth of His body and blood. Hence he says: ""He that eateth My flesh, and drinketh My blood, abideth in Me, and I in him."" Hence this sacrament is the sign of supreme charity, and the uplifter of our hope, from such familiar union of Christ with us.

Thirdly, it belongs to the perfection of faith, which concerns His humanity just as it does His Godhead, according to John 14:1: ""You believe in God, believe also in Me."" And since faith is of things unseen, as Christ shows us His Godhead invisibly, so also in this sacrament He shows us His flesh in an invisible manner.","The presence of Christ's true body and blood in this sacrament cannot be detected by sense, nor understanding, but by faith alone, which rests upon Divine authority. Hence, on Luke 22:19: ""This is My body which shall be delivered up for you,"" Cyril says: ""Doubt not whether this be true; but take rather the Saviour's words with faith; for since He is the Truth, He lieth not.""

Now this is suitable, first for the perfection of the New Law. For, the sacrifices of the Old Law contained only in figure that true sacrifice of Christ's Passion, according to Hebrews 10:1: ""For the law having a shadow of the good things to come, not the very image of the things."" And therefore it was necessary that the sacrifice of the New Law instituted by Christ should have something more, namely, that it should contain Christ Himself crucified, not merely in signification or figure, but also in very truth. And therefore this sacrament which contains Christ Himself, as Dionysius says, is perfective of all the other sacraments, in which Christ's virtue is participated.

Secondly, this belongs to Christ's love, out of which for our salvation He assumed a true body of our nature. And because it is the special feature of friendship to live together with friends, as the Philosopher says, He promises us His bodily presence as a reward, saying: ""Where the body is, there shall the eagles be gathered together."" Yet meanwhile in our pilgrimage He does not deprive us of His bodily presence; but unites us with Himself in this sacrament through the truth of His body and blood. Hence he says: ""He that eateth My flesh, and drinketh My blood, abideth in Me, and I in him."" Hence this sacrament is the sign of supreme charity, and the uplifter of our hope, from such familiar union of Christ with us.

Thirdly, it belongs to the perfection of faith, which concerns His humanity just as it does His Godhead, according to John 14:1: ""You believe in God, believe also in Me."" And since faith is of things unseen, as Christ shows us His Godhead invisibly, so also in this sacrament He shows us His flesh in an invisible manner."
