meditation_id,content
228,"Mary and Elizabeth entered the room in which was the fireplace. Here they embraced, clasping each other in their arms and pressing cheek to cheek. I saw light streaming down between them.

Then it was that Elizabeth, becoming interiorly inflamed, stepped back with uplifted hands, and exclaimed, ""Blessed art thou among women, and blessed is the Fruit of thy womb. And whence is this to me, that the Mother of my Lord should come to me? For behold, as soon as the voice of thy salutation sounded in my ears, the infant in my womb leaped for joy. And blessed art thou that hast believed, because those things shall be accomplished that were spoken to thee by the Lord."""
251,"It was about nine o'clock when Jesus reached Gethsemani with his disciples. The moon had risen, and already gave light in the sky, although the earth was still dark. Jesus was most sorrowful, and told his Apostles that danger was at hand. The disciples felt uneasy, and he told eight of those who were following him, to remain in the Garden of Gethsemani whilst he went on to pray. He took with him Peter, James, and John, and going on a little further, entered into the Garden of Olives.

No words can describe the sorrow which then oppressed his soul, for the time of trial was near. John asked him how it was that he, who had hitherto always consoled them, would now be so dejected? 'My soul is sorrowful even unto death,' was his reply. And he beheld sufferings and temptations surrounding him on all sides, and drawing nearer and nearer, under the forms of frightful figures borne on clouds. Then it was that he said to the three Apostles: 'Stay you here and watch with me. Pray, lest ye enter into temptation.' Jesus went a few steps to the left, down a hill, and concealed himself beneath a rock, in a grotto about six feet deep, while the Apostles remained in a species of hollow above.

When Jesus left his disciples, I saw a number of frightful figures surrounding him in an ever-narrowing circle.

His sorrow and anguish of soul continued to increase, and he was trembling all over when he entered the grotto to pray, like a wayworn traveller hurriedly seeking shelter from a sudden storm, but the awful visions pursued him even there, and became more and more clear and distinct. Alas! this small cavern appeared to contain the awful picture of all the sins which had been or were to be committed from the fall of Adam to the end of the world, and of the punishment which they deserved. It was here, on Mount Olivet, that Adam and Eve took refuge when driven out of Paradise to wander homeless on earth, and they had wept and bewailed themselves in this very grotto."
252,"Jesus put his arms round the pillar, and when his hands were thus raised, the archers fastened them to the iron ring which was at the top of the pillar; they then dragged his arms to such a height that his feet, which were tightly bound to the base of the pillar, scarcely touched the ground. Thus was the Holy of Holies violently stretched, without a particle of clothing, on a pillar used for the punishment of the greatest criminals; and then did two furious ruffians who were thirsting for his blood begin in the most barbarous manner to scourge his sacred body from head to foot. The whips or scourges which they first made use of appeared to me to be made of a species of flexible white wood, but perhaps they were composed of the sinews of the ox, or of strips of leather.

Our loving Lord, the Son of God, true God and true Man, writhed as a worm under the blows of these barbarians; his mild but deep groans might be heard from afar; they resounded through the air, forming a kind of touching accompaniment to the hissing of the instruments of torture. These groans resembled rather a touching cry of prayer and supplication, than moans of anguish.

The clamour of the Pharisees and the people formed another species of accompaniment, which at times as a deafening thunder-storm deadened and smothered these sacred and mournful cries, and in their place might be heard the words, 'Put him to death!' 'Crucify him!' Pilate continued parleying with the people, and when he demanded silence in order to be able to speak, he was obliged to proclaim his wishes to the clamorous assembly by the sound of a trumpet, and at such moments you might again hear the noise of the scourges, the moans of Jesus, the imprecations of the soldiers, and the bleating of the Paschal lambs which were being washed in the Probatica pool, at no great distance from the forum.

There was something peculiarly touching in the plaintive bleating of these lambs: they alone appeared to unite their lamentations with the suffering moans of our Lord."
254,"When those who were carrying the instruments for the execution approached, and the Mother of Jesus saw their insolent and triumphant looks, she could not control her feelings, but joined her hands as if to implore the help of heaven; upon which one among them said to his companions: 'What woman is that who is uttering such lamentations?' Another answered: 'She is the Mother of the Galilean.' When the cruel men heard this, far from being moved to compassion, they began to make game of the grief of this most afflicted Mother: they pointed at her, and one of them took the nails which were to be used for fastening Jesus to the cross, and presented them to her in an insulting manner; but she turned away, fixed her eyes upon Jesus, who was drawing near, and leant against the pillar for support, lest she should again faint from grief, for her cheeks were as pale as death, and her lips almost blue.

The Pharisees on horseback passed by first, followed by the boy who carried the inscription. Then came her beloved Son. He was almost sinking under the heavy weight of his cross, and his head, still crowned with thorns, was drooping in agony on his shoulder. He cast a look of compassion and sorrow upon his Mother, staggered, and fell for the second time upon his hands and knees. Mary was perfectly agonised at this sight; she forgot all else; she saw neither soldiers nor executioners; she saw nothing but her dearly-loved Son; and, springing from the doorway into the midst of the group who were insulting and abusing him, she threw herself on her knees by his side and embraced him.

The only words I heard were, 'Beloved Son!' and 'Mother!' but I do not know whether these words were really uttered, or whether they were only in my own mind."
255,"The hour of our Lord was at last come; his death-struggle had commenced; a cold sweat overspread every limb. John stood at the foot of the Cross, and wiped the feet of Jesus with his scapular. Magdalen was crouched to the ground in a perfect frenzy of grief behind the Cross. The Blessed Virgin stood between Jesus and the good thief, supported by Salome and Mary of Cleophas, with her eyes rivetted on the countenance of her dying Son.

Jesus then said: 'It is consummated;' and, raising his head, cried out in a loud voice, 'Father, into thy hands I commend my spirit.' These words, which he uttered in a clear and thrilling tone, resounded through heaven and earth; and a moment after, he bowed down his head and gave up the ghost. I saw his soul, under the appearance of a bright meteor, penetrate the earth at the foot of the Cross. John and the holy women fell prostrate on the ground.

The centurion Abenadar had kept his eyes steadfastly fixed on the disfigured countenance of our Lord, and was perfectly overwhelmed by all that had taken place. When our Lord pronounced his last words, before expiring, in a loud tone, the earth trembled, and the rock of Calvary burst asunder, forming a deep chasm between the Cross of our Lord and that of Gesmas. The voice of God—that solemn and terrible voice—had re-echoed through the whole universe; it had broken the solemn silence which then pervaded all nature. All was accomplished. The soul of our Lord had left his body: his last cry had filled every breast with terror. The convulsed earth had paid homage to its Creator: the sword of grief had pierced the hearts of those who loved him.

This moment was the moment of grace for Abenadar: his horse trembled under him; his heart was touched; it was rent like the hard rock; he threw his lance to a distance, struck his breast, and cried out: 'Blessed be the Most High God, the God of Abraham, of Isaac, and of Jacob; indeed this Man was the Son of God!' His words convinced many among the soldiers, who followed his example, and were likewise converted."
301,"While Jesus ascended from the depths of the baptismal well, Andrew and Saturnin, who were standing to the right of the Baptist around the triangular stone, threw about Him a large linen cloth with which He dried His Person. They then put on Him a long, white baptismal robe. After this Jesus stepped on the red triangular stone which lay to the right of the descent into the well, Andrew and Saturnin each laid one hand upon His shoulder, while John rested his upon His head.

This part of the ceremony over, they were just about mounting the steps when the Voice of God came over Jesus, who was still standing alone and in prayer upon the stone. There came from Heaven a great, rushing wind like thunder. All trembled and looked up. A cloud of white light descended, and I saw over Jesus a winged figure of light as if flowing over Him like a stream. The heavens opened. I beheld an apparition of the Heavenly Father in the figure in which He is usually depicted and, in a voice of thunder, I heard the words: ""This is My beloved Son in whom I am well pleased.""

Jesus was perfectly transparent, entirely penetrated by light; one could scarcely look at Him. I saw angels around Him."
305,"Our Divine Lord became more and more tender and loving in his demeanour; he told his Apostles that he was about to give them all that he had, namely, his entire self, and he looked as though perfectly transformed by love. I saw him becoming transparent, until he resembled a luminous shadow. He broke the bread into several pieces, which he laid together on the paten, and then took a corner of the first piece and dripped it into the chalice.

At the moment when he was doing this, I seemed to see the Blessed Virgin receiving the Holy Sacrament in a spiritual manner, although she was not present in the supper-room. I do not know how it was done, but I thought I saw her enter without touching the ground, and come before our Lord to receive the Holy Eucharist; after which I saw her no more. Jesus had told her in the morning, at Bethania, that he would keep the Pasch with her spiritually, and he had named the hour at which she was to betake herself to prayer, in order to receive it in spirit.

Again he prayed and taught; his words came forth from his lips like fire and light, and entered into each of the Apostles, with the exception of Judas. He took the paten with the pieces of bread (I do not know whether he had placed it on the chalice) and said: 'Take and eat; this is my Body which is given for you.'"
