"id","before","after"
"335","By the opening into this academy Joseph and Mary had to pass. It was not a likely place for them to enter. But the Mother’s ear has caught a sound, in which it was impossible that she should be mistaken. It is the voice of Jesus. They enter. The doctors are looking on Him with a mixture of awe and pleasure. There has never been such a doctor in that academy before. Joseph and Mary also wondered. She had never heard quite that tone of voice before. She had never seen that light in His eye before. Her soul worshipped in His presence.

But she had rights over that Boy, who was astonishing the wise elders of the nation. She would fain have knelt before Him, but she knew that was not the place, nor the time. But she came forward, and said to Him, Son, why hast Thou done so to us? Behold Thy father and I have sought Thee sorrowing. He could see that, without her saying it. He could see the ravages which grief had made in her countenance. He could hear it in her voice weak and trembling. He could see it in the feebleness which was letting the flush of joy almost overpower her. But He had no need so to see, and hear it. He had never been away from her. He had been lying in her heart the whole while.","The night outside was dark, but the night of Mary’s soul was darker. Whether it was after three full days, during which Mary was left as it were entombed in this hideous darkness, or whether it was on the third morning, so it was that Mary and Joseph went up to the temple to lay their sorrows again before the Lord. They went in by the eastern gate. Now close to this gate there was a spacious room, a sort of Academy, in which the interpreters of the law sat, and answered questions, and resolved doubts, and moderated in disputations. St. Paul speaks of this place in his defence before Felix, when he says that he was not found disputing in the temple. It was there also at Gamaliel’s feet that the great apostle of the Gentiles learned the traditions of the law.

By the opening into this academy Joseph and Mary had to pass. It was not a likely place for them to enter. But the Mother’s ear has caught a sound, in which it was impossible that she should be mistaken. It is the voice of Jesus. They enter. The doctors are looking on Him with a mixture of awe and pleasure. There has never been such a doctor in that academy before. Joseph and Mary also wondered. She had never heard quite that tone of voice before. She had never seen that light in His eye before. Her soul worshipped in His presence.

But she had rights over that Boy, who was astonishing the wise elders of the nation. She would fain have knelt before Him, but she knew that was not the place, nor the time. But she came forward, and said to Him, Son, why hast Thou done so to us? Behold Thy father and I have sought Thee sorrowing. He could see that, without her saying it. He could see the ravages which grief had made in her countenance. He could hear it in her voice weak and trembling. He could see it in the feebleness which was letting the flush of joy almost overpower her. But He had no need so to see, and hear it. He had never been away from her. He had been lying in her heart the whole while."
"366","There is other music now for Mary’s ear, the terrible music of dark prophecy which the Holy Ghost utters from His sanctuary in the old priest’s heart; and we would fain think that Simeon held Jesus in his arms when he uttered it, by the very way in which he begins, “Behold this Child is set for the fall, and for the resurrection of many in Israel, and for a sign which shall be contradicted. And thy own soul a sword shall pierce, that out of many hearts thoughts may be revealed.”

Simeon was silent. But over Mary’s soul there came an inexplicable change. Perhaps she learned now what she had not known before. But more probably it only came to her then in another way. Yet it was a change, an operation of grace, a new sanctification, an immense work of God.","There is other music now for Mary’s ear, the terrible music of dark prophecy which the Holy Ghost utters from His sanctuary in the old priest’s heart; and we would fain think that Simeon held Jesus in his arms when he uttered it, by the very way in which he begins, “Behold this Child is set for the fall, and for the resurrection of many in Israel, and for a sign which shall be contradicted. And thy own soul a sword shall pierce, that out of many hearts thoughts may be revealed.”

Simeon was silent. But over Mary’s soul there came an inexplicable change. Perhaps she learned now what she had not known before. But more probably it only came to her then in another way. Yet it was a change, an operation of grace, a new sanctification, an immense work of God. A clear and detailed vision of all her sorrows, especially of the whole Passion, was with its minutest circumstances instantaneously impressed upon her soul: and her immaculate heart was deluged with a sea of sorrow, which was supernatural both in its kind and its intensity. It seemed as if the vision came from the very face of Jesus, as if His eyes looked it into her and engraved it there."
"368","Joseph was waiting for Mary, but Jesus was not with him. Mary’s heart sank within her before she spoke. Joseph knew nothing. His unworthiness would have felt surprise if Jesus had accompanied him rather than His Mother. He had supposed He was with Mary, and had not been disquieted. The bustle of the halt, the cries of the crowd, the preparations for the evening meal, the unloading and watering of the beasts of burden, all died out of their ears.

They were suddenly alone, alone amidst the multitude, more lonely than two hearts had ever been, since the sun set on Adam and Eve, flushing the mountains of paradise which to them were as cloisters they might cross no more. Joseph was crushed to the very earth. The light went out in Mary’s soul, and a more terrific spiritual desolation followed than any of the saints have ever known. What could it mean? Jesus was gone.","The shades of evening had fallen on the earth, before the two bands of men and women met at the accustomed halting-place. Joseph was waiting for Mary, but Jesus was not with him. Mary’s heart sank within her before she spoke. Joseph knew nothing. His unworthiness would have felt surprise if Jesus had accompanied him rather than His Mother. He had supposed He was with Mary, and had not been disquieted. The bustle of the halt, the cries of the crowd, the preparations for the evening meal, the unloading and watering of the beasts of burden, all died out of their ears.

They were suddenly alone, alone amidst the multitude, more lonely than two hearts had ever been, since the sun set on Adam and Eve, flushing the mountains of paradise which to them were as cloisters they might cross no more. Joseph was crushed to the very earth. The light went out in Mary’s soul, and a more terrific spiritual desolation followed than any of the saints have ever known. What could it mean? Jesus was gone."
"369","Never had maternal love sat on such a throne as that one in Mary’s heart. The anguish was unutterable. God, who knows the number of the sands of the sea, knows it. Now Jesus has come up to her. He halts for a moment. He lifts the one hand that is free, and clears the blood from His eyes. Is it to see her? Rather, that she may see Him, His look of sadness, His look of love. She approaches to embrace Him. The soldiers thrust her rudely back. O misery! and she is His Mother too! For a moment she reeled with the push, and then again was still, her eyes fixed on His, His eyes fixed on hers, such a link, such an embrace, such an outpouring of love, such an overflow of sorrow!

Has He less strength than she? See! He staggers, is overweighed by the burden of the ponderous Cross, and falls with a dull dead sound upon the street, like the clank of falling wood. She sees it. The God of heaven and earth is down. Men surround Him, like butchers round a fallen beast; they kick Him, beat Him, swear horrible oaths at Him, drag Him up again with cruel ferocity. It is His third fall.","The procession comes in sight; the tall horse of the centurion shows first, and leads the way. The trumpet sounds with a wailing clangour. The women look from the lattices above. She sees the thieves, the crosses, everything,—and yet only one thing, Himself. As He draws nigh, the peace of her heart grows deeper. It could not help it; God was approaching, and peace went before Him.

Never had maternal love sat on such a throne as that one in Mary’s heart. The anguish was unutterable. God, who knows the number of the sands of the sea, knows it. Now Jesus has come up to her. He halts for a moment. He lifts the one hand that is free, and clears the blood from His eyes. Is it to see her? Rather, that she may see Him, His look of sadness, His look of love. She approaches to embrace Him. The soldiers thrust her rudely back. O misery! and she is His Mother too! For a moment she reeled with the push, and then again was still, her eyes fixed on His, His eyes fixed on hers, such a link, such an embrace, such an outpouring of love, such an overflow of sorrow!

Has He less strength than she? See! He staggers, is overweighed by the burden of the ponderous Cross, and falls with a dull dead sound upon the street, like the clank of falling wood. She sees it. The God of heaven and earth is down. Men surround Him, like butchers round a fallen beast; they kick Him, beat Him, swear horrible oaths at Him, drag Him up again with cruel ferocity. It is His third fall. She sees it. He is her Babe of Bethlehem. She is helpless. She cannot get near. Omnipotence held her heart fast. In a peace far beyond man’s understanding, she followed slowly on to Calvary, Magdalen and John beside themselves with grief, but feeling as if grace went out from her blue mantle enabling them also to live with broken hearts."
"370","The Father held Mary up in His arms lest she should perish under the load of love, and the loud cry went out from the hilltop, hushing Mary’s soul into an agony of silence, and the Head drooped towards her, and the eye closed, and the Soul passed her, like a flash, and sank into the earth,—and a wind arose, and stirred the mantle of darkness, and the sun cleared itself of the moon’s shadow, and the roofs of the city glimmered white, and the birds began to sing, but only as if they were half reassured, and Mary stood beneath the Cross a childless Mother.

The third hour was gone.","She felt His eye, and she looked up into His face. Never did two such faces look into each other, and speak such unutterable love as this. The Father held Mary up in His arms lest she should perish under the load of love, and the loud cry went out from the hilltop, hushing Mary’s soul into an agony of silence, and the Head drooped towards her, and the eye closed, and the Soul passed her, like a flash, and sank into the earth,—and a wind arose, and stirred the mantle of darkness, and the sun cleared itself of the moon’s shadow, and the roofs of the city glimmered white, and the birds began to sing, but only as if they were half reassured, and Mary stood beneath the Cross a childless Mother.

The third hour was gone."
