"id","content_before","content_after","reason"
"261","First: the Angel St. Gabriel, saluting Our Lady, announced to her the Conception of Christ our Lord. ""The Angel entering where Mary was, saluted her saying: 'Hail full of grace. Thou shalt conceive in thy womb and shalt bring forth a son.'""

Second: the Angel confirms what he said to Our Lady, telling of the conception of St. John Baptist, saying to her: ""'And behold thy cousin Elizabeth hath conceived a son in her old age.'""

Third: Our Lady answered the Angel: ""'Behold the handmaid of the Lord: be it done to me according to thy word!'""","First: The Angel St. Gabriel, saluting Our Lady, announced to her the Conception of Christ our Lord. ""The Angel entering where Mary was, saluted her saying: 'Hail full of grace. Thou shalt conceive in thy womb and shalt bring forth a son.'""

Second: The Angel confirms what he said to Our Lady, telling of the conception of St. John Baptist, saying to her: ""'And behold thy cousin Elizabeth hath conceived a son in her old age.'""

Third: Our Lady answered the Angel: ""'Behold the handmaid of the Lord: be it done to me according to thy word!'""","'the' after 'First:'/'Second:' capitalized to match the rest of the set"
