meditation_id,before,after
136,"Let us contemplate in this mystery

how the angel Gabriel saluted our Blessed Lady

with the title ""Full of Grace"",

and declared unto her

the Incarnation of Our Lord and Saviour Jesus Christ.

O Holy Mary, Queen of virgins,

through the most high mystery of the Incarnation of thy beloved Son,

Our Lord Jesus Christ, wherein our salvation was begun, 

obtain for us, through thy most holy intercession,

light to understand the greatness of the benefit he hath bestowed upon us, 

in vouchsafing to become our Brother, and giving thee,

his own beloved Mother, to be our Mother also

Amen.","Let us contemplate in this mystery,
how the angel Gabriel saluted our Blessed Lady with the title ""Full of Grace,"" and declared unto her the Incarnation of Our Lord and Saviour Jesus Christ.

O Holy Mary, Queen of virgins, through the most high mystery of the Incarnation of thy beloved Son, Our Lord Jesus Christ, wherein our salvation was begun, obtain for us, through thy most holy intercession, light to understand the greatness of the benefit he hath bestowed upon us, in vouchsafing to become our Brother, and giving thee, his own beloved Mother, to be our Mother also.

Amen."
137,"Let us contemplate in this mystery

how the Blessed Virgin Mary,

understanding from the angel that her cousin St. Elizabeth had conceived,

went with haste into the mountains of Judea to visit her,

bearing her divine Son within her womb,

and remained with her three months.


O holy Virgin,

most spotless mirror of humility,

by that  exceeding charity which moved thee to visit thy cousin St. Elizabeth,

obtain for us, through thine intercession

that our hearts being visited by thy divine Son, and freed from all sin,

we may praise and give thanks to him forever.

Amen.","Let us contemplate in this mystery,
how the Blessed Virgin Mary, understanding from the angel that her cousin St. Elizabeth had conceived, went with haste into the mountains of Judea to visit her, bearing her divine Son within her womb, and remained with her three months.

O holy Virgin, most spotless mirror of humility, by that exceeding charity which moved thee to visit thy cousin St. Elizabeth, obtain for us, through thine intercession, that our hearts being visited by thy divine Son, and freed from all sin, we may praise and give thanks to him forever.

Amen."
138,"Let us contemplate in this mystery

how the Blessed Virgin Mary,

when the time of her delivery was come ,brought forth our Redeemer Jesus Christ at midnight,

and laid him in a manger,

because there was no room for him in the inns at Bethlehem.


O most pure Mother of God,

through thy virginal and most joyful delivery,

whereby thou gavest to the world thy only Son, Our Saviour,

we beseech thee obtain for us, through thine intercession,

the grace to lead such pure and holy lives in this world, that we may become worthy to sing without ceasing the mercies of thy Son, and his benefits to us by thee.

Amen.","Let us contemplate in this mystery,
how the Blessed Virgin Mary, when the time of her delivery was come, brought forth our Redeemer Jesus Christ at midnight, and laid him in a manger, because there was no room for him in the inns at Bethlehem.

O most pure Mother of God, through thy virginal and most joyful delivery, whereby thou gavest to the world thy only Son, Our Saviour, we beseech thee obtain for us, through thine intercession, the grace to lead such pure and holy lives in this world, that we may become worthy to sing without ceasing the mercies of thy Son, and his benefits to us by thee.

Amen."
139,"Let us contemplate in this mystery

how the Blessed Virgin Mary,

on the day of her purification,

presented the Child Jesus in the Temple,

where holy Simeon, giving thanks to God, with great devotion received him into his arms.


O Holy Virgin,

most admirable mistress and pattern of obedience,

who didst present the Lord of the Temple, in the Temple of God,

obtain for us, of thy blessed Son, that,

with holy Simeon and devout Anna, we may praise and glorify him forever

Amen.","Let us contemplate in this mystery,
how the Blessed Virgin Mary, on the day of her purification, presented the Child Jesus in the Temple, where holy Simeon, giving thanks to God, with great devotion received him into his arms.

O Holy Virgin, most admirable mistress and pattern of obedience, who didst present the Lord of the Temple, in the Temple of God, obtain for us, of thy blessed Son, that, with holy Simeon and devout Anna, we may praise and glorify him forever.

Amen."
140,"Let us contemplate in this mystery

how the Blessed Virgin Mary,

on the day of her purification,

presented the Child Jesus in the Temple,

where holy Simeon, giving thanks to God, with great devotion received him into his arms.


O Holy Virgin,

most admirable mistress and pattern of obedience,

who didst present the Lord of the Temple, in the Temple of God,

obtain for us, of thy blessed Son, that,

with holy Simeon and devout Anna, we may praise and glorify him forever

Amen.","Let us contemplate in this mystery,
how the Blessed Virgin Mary, after having lost her beloved Son in Jerusalem, sought him for the space of three days; and at length found him in the temple, in the midst of the doctors, disputing with them, being of the age of twelve years.

O most Blessed Virgin, more than martyr in thy sufferings, and yet the comfort of such as are afflicted, by that unspeakable joy, wherewith thy soul was filled, when at length thou didst find thy well-beloved Son in the temple, teaching in the midst of the doctors; obtain of him that we may so seek him and find him in his holy Catholic Church, as never more to be separated from him.

Amen."
143,"Let us contemplate in this mystery,
how those cruel ministers of Satan platted a crown of sharp thorns and cruelly pressed it on the sacred head of Our Lord Jesus Christ.

O Mother of our eternal Prince, the King of glory, by those sharp thorns wherewith his sacred head was pierced, we beseech thee, obtain, through thy intercession, that we may be delivered from all notions of pride, and escape that shame which our sins deserve at the day of judgment.

Amen.","Let us contemplate in this mystery,
how those cruel ministers of Satan platted a crown of sharp thorns and cruelly pressed it on the sacred head of Our Lord Jesus Christ.

O Mother of our eternal Prince, the King of glory, by those sharp thorns wherewith his sacred head was pierced, we beseech thee, obtain, through thy intercession, that we may be delivered from all motions of pride, and escape that shame which our sins deserve at the day of judgment.

Amen."
144,"Let us contemplate in this mystery 
how Our Lord Jesus Christ, being sentenced to die, bore, with the most amazing patience, the cross which was laid upon him for his greater torment and ignominy.

O holy Virgin, example of patience, by the most painful carrying of the cross in which thy Son, Our Lord Jesus Christ, bore the heavyweight of our sins, obtain for us of him, through thine intercession, courage and strength to follow his steps, and bear our cross after him to the end of our lives. 

Amen.","Let us contemplate in this mystery,
how Our Lord Jesus Christ, being sentenced to die, bore, with the most amazing patience, the cross which was laid upon him for his greater torment and ignominy.

O holy Virgin, example of patience, by the most painful carrying of the cross in which thy Son, Our Lord Jesus Christ, bore the heavy weight of our sins, obtain for us of him, through thine intercession, courage and strength to follow his steps, and bear our cross after him to the end of our lives.

Amen."
145,"Let us contemplate in this mystery ,
how Our Lord Jesus Christ, being come to Mount Calvary, was stripped of his clothes, and his hands and feet nailed to the cross, in the presence of his most afflicted Mother.

O holy Mary, Mother of God, as the body of thy beloved Son was for us stretched upon the cross, so may we offer up our souls and bodies to be crucified with him, and our hearts to be pierced with grief at his most bitter Passion; and thou, O most sorrowful Mother, graciously vouchsafe to help us, by thy all-powerful intercession, to accomplish the work of our salvation. 

Amen.","Let us contemplate in this mystery,
how Our Lord Jesus Christ, being come to Mount Calvary, was stripped of his clothes, and his hands and feet nailed to the cross, in the presence of his most afflicted Mother.

O holy Mary, Mother of God, as the body of thy beloved Son was for us stretched upon the cross, so may we offer up our souls and bodies to be crucified with him, and our hearts to be pierced with grief at his most bitter Passion; and thou, O most sorrowful Mother, graciously vouchsafe to help us, by thy all-powerful intercession, to accomplish the work of our salvation.

Amen."
146,"Let us contemplate in this mystery,
how Our Lord Jesus Christ, triumphing gloriously over death, rose again the third day, immortal and impassible.

O glorious Virgin Mary, 
by that unspeakable joy thou didst receive in the resurrection of thy divine Son 
we beseech thee, obtain for us of him that our hearts may never go astray after the false joys of this world, but may be forever wholly employed in the pursuit of the only true and solid joys of heaven.

Amen.","Let us contemplate in this mystery,
how Our Lord Jesus Christ, triumphing gloriously over death, rose again the third day, immortal and impassible.

O glorious Virgin Mary,
by that unspeakable joy thou didst receive in the resurrection of thy divine Son,
we beseech thee, obtain for us of him that our hearts may never go astray after the false joys of this world, but may be forever wholly employed in the pursuit of the only true and solid joys of heaven.

Amen."
147,"

Let us contemplate in this mystery,
how Our Lord Jesus Christ, forty days after his resurrection, ascended into heaven, attended by angels, in the sight and to the great admiration of his most holy Mother, and his holy Apostles and disciples.

O Mother of God, Comfortress of the afflicted,
as thy beloved Son, when he ascended into heaven, lifted up his hands and blessed his Apostles as he parted from them, so vouchsafe most holy Mother, to lift up thy pure hands to him in our behalf, that we may enjoy the benefits of his blessing and of thine, here on earth and hereafter in heaven. 

Amen.","Let us contemplate in this mystery,
how Our Lord Jesus Christ, forty days after his resurrection, ascended into heaven, attended by angels, in the sight and to the great admiration of his most holy Mother, and his holy Apostles and disciples.

O Mother of God, Comfortress of the afflicted,
as thy beloved Son, when he ascended into heaven, lifted up his hands and blessed his Apostles as he parted from them, so vouchsafe, most holy Mother, to lift up thy pure hands to him in our behalf, that we may enjoy the benefits of his blessing and of thine, here on earth and hereafter in heaven.

Amen."
148,"Let us contemplate in this mystery,
how our Lord Jesus Christ, being seated on the right hand of God sent as he had promised the Holy Ghost upon his Apostles, who after he was ascended , returning to Jerusalem continued in prayer and supplication with the Blessed Virgin Mary, expecting the performance of his promise.

O sacred Virgin, tabernacle of the Holy Ghost,
we beseech thee, obtain by thine intercession that this most sweet Comforter , whom thy beloved Son sent down upon his Apostles, filling them thereby with spiritual joy, may teach us in this world the true way of salvation, and make us to walk in the path of virtue and good works.

Amen.","Let us contemplate in this mystery,
how our Lord Jesus Christ, being seated on the right hand of God, sent, as he had promised, the Holy Ghost upon his Apostles, who, after he was ascended, returning to Jerusalem, continued in prayer and supplication with the Blessed Virgin Mary, expecting the performance of his promise.

O sacred Virgin, tabernacle of the Holy Ghost,
we beseech thee, obtain by thine intercession that this most sweet Comforter, whom thy beloved Son sent down upon his Apostles, filling them thereby with spiritual joy, may teach us in this world the true way of salvation, and make us to walk in the path of virtue and good works.

Amen."
346,"But behold, now, after the instruments, the trumpet, and the ministers of justice had passed, she raises her eyes and sees; she sees, oh God, a young man covered with blood and wounds from head to foot, with a crown of thorns on his head, and two heavy beams on his shoulders; she looks at him and hardly knows him, saying, then, with Isaias: “And we have seen him, and there was no sightliness.” Yes, for the wounds, the bruises, and clotted blood, made him look like a leper: “We have thought him, as it were, a leper;” so that he could no longer be recognized.

“And his look was, as it were, hidden and despised, whereupon we esteemed him not.” But at length love recognizes him, and as soon as she knows him, ah, what was then, as St. Peter of Alcantara says in his meditations, the love and fear of the heart of Mary! On the one hand, she desired to see him; on the other, she could not endure to look upon so pitiable a sight.

But at length they look at each other. The Son wipes from his eyes the clotted blood, which prevented him from seeing (as was revealed to St. Bridget), and looks upon the mother; the mother looks upon the Son. Ah, looks of sorrow, which pierced, as with so many arrows, those two holy and loving souls.","St. Bonaventure imagines the afflicted mother taking a shorter way, and placing herself at the corner of the street to meet her afflicted Son as he passed by. This most afflicted mother met her most afflicted Son, said St. Bernard. While Mary stopped in that place how much she must have heard said against her Son by the Jews, who knew her, and perhaps also words in mockery of herself! Alas! what a commencement of sorrows was then before her eyes, when she saw the nails, the hammers, the cords, the fatal instruments of the death of her Son borne before him! And what a sword pierced her heart when she heard the trumpet proclaiming along the way the sentence pronounced against her Son!

But behold, now, after the instruments, the trumpet, and the ministers of justice had passed, she raises her eyes and sees; she sees, oh God, a young man covered with blood and wounds from head to foot, with a crown of thorns on his head, and two heavy beams on his shoulders; she looks at him and hardly knows him, saying, then, with Isaias: “And we have seen him, and there was no sightliness.” Yes, for the wounds, the bruises, and clotted blood, made him look like a leper: “We have thought him, as it were, a leper;” so that he could no longer be recognized.

“And his look was, as it were, hidden and despised, whereupon we esteemed him not.” But at length love recognizes him, and as soon as she knows him, ah, what was then, as St. Peter of Alcantara says in his meditations, the love and fear of the heart of Mary! On the one hand, she desired to see him; on the other, she could not endure to look upon so pitiable a sight.

But at length they look at each other. The Son wipes from his eyes the clotted blood, which prevented him from seeing (as was revealed to St. Bridget), and looks upon the mother; the mother looks upon the Son. Ah, looks of sorrow, which pierced, as with so many arrows, those two holy and loving souls."
348,"And now Jesus is taken from the cross. Oh most holy Virgin, after thou with so great love hadst given thy Son to the world for our salvation, behold the world returns him to thee again! But oh, my God, how dost thou return him to me? said Mary to the world. My Son was white and ruddy, but thou hast returned him to me blackened with bruises, and red, not with a ruddy color, but with the wounds thou hast inflicted upon him; he was beautiful, now there is no more beauty in him; he is all deformity.

All were enamored with his aspect, now he excites horror in all who look upon him. Oh, how many swords, says St. Bonaventure, pierced the soul of this mother, when she received the body of her Son after it was taken from the cross. Let us consider what anguish it would cause any mother to receive the lifeless body of a son!","The afflicted mother, still fearing that other injuries might be inflicted on her Son, entreats Joseph of Arimathea to obtain from Pilate the body of her Jesus, that at least after his death she may be able to guard it and protect it from injuries. Joseph went to Pilate, and made known to him the sorrow and the wish of this afflicted mother; and St. Anselm thinks that compassion for the mother softened the heart of Pilate, and moved him to grant her the body of the Saviour.

And now Jesus is taken from the cross. Oh most holy Virgin, after thou with so great love hadst given thy Son to the world for our salvation, behold the world returns him to thee again! But oh, my God, how dost thou return him to me? said Mary to the world. My Son was white and ruddy, but thou hast returned him to me blackened with bruises, and red, not with a ruddy color, but with the wounds thou hast inflicted upon him; he was beautiful, now there is no more beauty in him; he is all deformity.

All were enamored with his aspect, now he excites horror in all who look upon him. Oh, how many swords, says St. Bonaventure, pierced the soul of this mother, when she received the body of her Son after it was taken from the cross. Let us consider what anguish it would cause any mother to receive the lifeless body of a son!"
